{"cameraMode":{"drawMode":0,"name":"Shaded","section":"Shading Mode"},"sceneLighting":false,"audioPlay":false,"sceneViewState":{"m_AlwaysRefresh":false,"showFog":true,"showSkybox":false,"showFlares":true,"showImageEffects":true,"showParticleSystems":true,"showVisualEffectGraphs":true,"m_FxEnabled":true},"in2DMode":false,"pivot":{"x":-0.05124378204345703,"y":-7.5186872482299809,"z":0.2855180501937866},"rotation":{"x":-0.03479211404919624,"y":0.024579638615250589,"z":-0.0008556299726478756,"w":-0.9990926384925842},"size":23.472118377685548,"orthographic":false}