{"cameraMode":{"drawMode":0,"name":"Shaded","section":"Shading Mode"},"sceneLighting":false,"audioPlay":false,"sceneViewState":{"m_AlwaysRefresh":false,"showFog":true,"showSkybox":false,"showFlares":true,"showImageEffects":true,"showParticleSystems":true,"showVisualEffectGraphs":true,"m_FxEnabled":true},"in2DMode":false,"pivot":{"x":0.08254402875900269,"y":-4.258153438568115,"z":-0.03793659433722496},"rotation":{"x":0.2507492005825043,"y":-0.33135783672332766,"z":0.09181837737560272,"w":0.904936671257019},"size":2.9660251140594484,"orthographic":false}