{"cameraMode":{"drawMode":0,"name":"Shaded","section":"Shading Mode"},"sceneLighting":false,"audioPlay":false,"sceneViewState":{"m_AlwaysRefresh":false,"showFog":true,"showSkybox":false,"showFlares":true,"showImageEffects":true,"showParticleSystems":true,"showVisualEffectGraphs":true,"m_FxEnabled":true},"in2DMode":false,"pivot":{"x":0.005846977233886719,"y":-0.07255470752716065,"z":0.003469705581665039},"rotation":{"x":0.0048093353398144249,"y":-0.0030047253239899875,"z":0.00001665906711423304,"w":0.9999906420707703},"size":3.2259230613708498,"orthographic":false}